{"batch_acc": 0.08500000089406967, "batch_loss": 2.3152804374694824, "_timestamp": 1670942558.4980147, "_runtime": 41.78193378448486, "_step": 6, "_wandb": {"runtime": 41}}