{"batch_acc": 0.27000001072883606, "batch_loss": 2.1747260093688965, "_timestamp": 1670942279.4028316, "_runtime": 52.78195548057556, "_step": 8, "_wandb": {"runtime": 53}}