{"batch_acc": 0.10999999940395355, "batch_loss": 2.3063738346099854, "_timestamp": 1670942489.2781332, "_runtime": 169.2054421901703, "_step": 31, "_wandb": {"runtime": 174}}